Nom;Date Naissance;Nationalite;Groupe Sanguin;Sexe
Adrien Tambay;25/02/1991;France;A+;H
Andrea Dubourg;12/01/1978;France;A+;H
Benjamin Riviere;03/03/1982;Belgique;A+;H
Benoit Treluyer;07/12/1976;France;A+;H
Berenice Demoustier;05/05/1987;France;AB+;F
Bertrand Balas;18/07/1972;Suisse;0+;H
Christian Beroujon;22/09/1970;France;0+;H
Christophe Jouet;13/11/1988;France;AB-;H
Didier Thoral;09/01/1979;France;A+;H
Dominique Chianale;09/03/1982;France;A+;H
Eddy Benezet;14/04/1974;France;A+;H
Emmanuel Moinel;12/11/1971;Monaco;0+;H
Franck Lagorce;01/09/1968;France;0+;H
Gerald Fontanel;13/02/1987;France;A-;H
Gilles Stievenart;07/12/1979;France;A+;H
Jacques Villeneuve;09/04/1971;Canada;0+;H
Jacques Wolff;04/10/1980;Canada;A+;H
Jean-Baptiste Dubourg;17/08/1987;France;B-;H
Jean-Louis Schlesser;12/09/1948;France;0+;H
Jean-Luc Richner;11/08/1984;France;A+;H
Jean-Philippe Dayraut;14/04/1970;France;0+;H
Jean-Pierre Richelmi;18/05/1957;Monaco;0+;H
Joel Lopez;09/06/1959;Suisse;0+;H
Margot Laffite;06/11/1980;France;A+;F
Nathanael Berthon;01/07/1989;France;B+;H
Olivier Panis;02/09/1966;France;0+;H
Olivier Pernaut;23/04/1979;France;A+;H
Philippe Wambergue;10/03/1948;France;0+;H
Romain Grosjean;17/04/1986;Suisse;B-;H
Stephane Peterhansel;06/08/1965;France;0+;H
Sylvain Pussier;24/02/1987;France;0-;H
Toomas Heikkinen;27/03/1991;Finlande;B+;H
